{
  "data_stats": {
    "num_resumes": 7,
    "num_jobs": 22,
    "num_labels": 105,
    "label_source": "suggested_label"
  },
  "aggregated_metrics": {
    "precision": {
      "5": 0.857142857142857,
      "10": 0.6,
      "15": 0.5238095238095238
    },
    "ndcg": {
      "5": 0.940095957256028,
      "10": 0.9311428177675015,
      "15": 0.974800756243888
    }
  },
  "per_resume_metrics": {
    "resume_001": {
      "precision": {
        "5": 0.8,
        "10": 0.6,
        "15": 0.5333333333333333
      },
      "ndcg": {
        "5": 0.8869465982421278,
        "10": 0.9161889723715123,
        "15": 0.9678705741450336
      }
    },
    "resume_002": {
      "precision": {
        "5": 1.0,
        "10": 0.6,
        "15": 0.6
      },
      "ndcg": {
        "5": 0.9275113302344571,
        "10": 0.8603964176941299,
        "15": 0.9389452382644057
      }
    },
    "resume_003": {
      "precision": {
        "5": 1.0,
        "10": 0.8,
        "15": 0.6
      },
      "ndcg": {
        "5": 1.0,
        "10": 0.9711760702805671,
        "15": 0.9943622709640761
      }
    },
    "resume_004": {
      "precision": {
        "5": 0.8,
        "10": 0.4,
        "15": 0.26666666666666666
      },
      "ndcg": {
        "5": 1.0,
        "10": 1.0,
        "15": 1.0
      }
    },
    "resume_005": {
      "precision": {
        "5": 0.8,
        "10": 0.6,
        "15": 0.4
      },
      "ndcg": {
        "5": 0.933579955310489,
        "10": 0.9781194665254204,
        "15": 0.9807900294858442
      }
    },
    "resume_006": {
      "precision": {
        "5": 1.0,
        "10": 0.7,
        "15": 0.7333333333333333
      },
      "ndcg": {
        "5": 0.9562649741625525,
        "10": 0.919529525457323,
        "15": 0.9846976853437183
      }
    },
    "resume_007": {
      "precision": {
        "5": 0.6,
        "10": 0.5,
        "15": 0.5333333333333333
      },
      "ndcg": {
        "5": 0.87636884284257,
        "10": 0.8725892720435586,
        "15": 0.956939495504137
      }
    }
  }
}