{
  "data_stats": {
    "num_resumes": 7,
    "num_jobs": 22,
    "num_labels": 105,
    "label_source": "suggested_label"
  },
  "aggregated_metrics": {
    "precision": {
      "5": 0.857142857142857,
      "10": 0.6428571428571429,
      "15": 0.5142857142857143
    },
    "ndcg": {
      "5": 0.9423351718078472,
      "10": 0.9438030398425379,
      "15": 0.9554531391735056
    }
  },
  "per_resume_metrics": {
    "resume_001": {
      "precision": {
        "5": 0.8,
        "10": 0.7,
        "15": 0.5333333333333333
      },
      "ndcg": {
        "5": 0.9026211001048622,
        "10": 0.9519972693728416,
        "15": 0.9770077438071867
      }
    },
    "resume_002": {
      "precision": {
        "5": 1.0,
        "10": 0.7,
        "15": 0.6
      },
      "ndcg": {
        "5": 0.9275113302344571,
        "10": 0.8858430263257409,
        "15": 0.9410288823518534
      }
    },
    "resume_003": {
      "precision": {
        "5": 1.0,
        "10": 0.8,
        "15": 0.6
      },
      "ndcg": {
        "5": 1.0,
        "10": 0.9711760702805671,
        "15": 0.9751700428431196
      }
    },
    "resume_004": {
      "precision": {
        "5": 0.8,
        "10": 0.4,
        "15": 0.26666666666666666
      },
      "ndcg": {
        "5": 1.0,
        "10": 1.0,
        "15": 0.9399310495808305
      }
    },
    "resume_005": {
      "precision": {
        "5": 0.8,
        "10": 0.6,
        "15": 0.4
      },
      "ndcg": {
        "5": 0.933579955310489,
        "10": 0.9765966640692723,
        "15": 0.9557465630670366
      }
    },
    "resume_006": {
      "precision": {
        "5": 1.0,
        "10": 0.7,
        "15": 0.7333333333333333
      },
      "ndcg": {
        "5": 0.9562649741625525,
        "10": 0.919529525457323,
        "15": 0.9846976853437183
      }
    },
    "resume_007": {
      "precision": {
        "5": 0.6,
        "10": 0.6,
        "15": 0.4666666666666667
      },
      "ndcg": {
        "5": 0.87636884284257,
        "10": 0.9014787233920203,
        "15": 0.9145900072207936
      }
    }
  }
}