{
  "timestamp": "2026-01-08T22:08:00.066567",
  "n_folds": 15,
  "n_jobs": 50,
  "per_fold_results": [
    {
      "fold": 1,
      "test_resume_id": "resume_001",
      "metrics": {
        "embedding_only": {
          "ndcg@5": 0.8371100864135442,
          "ndcg@10": 0.8683199046478389,
          "precision@5": 0.6,
          "precision@10": 0.5
        },
        "heuristic": {
          "ndcg@5": 0.8371100864135442,
          "ndcg@10": 0.8667644688214162,
          "precision@5": 0.6,
          "precision@10": 0.5
        },
        "ltr_logreg": {
          "ndcg@5": 0.9141891774103269,
          "ndcg@10": 0.8717178136116182,
          "precision@5": 0.8,
          "precision@10": 0.5
        }
      }
    },
    {
      "fold": 2,
      "test_resume_id": "resume_002",
      "metrics": {
        "embedding_only": {
          "ndcg@5": 0.8569484301469378,
          "ndcg@10": 0.8910905896182558,
          "precision@5": 1.0,
          "precision@10": 0.8
        },
        "heuristic": {
          "ndcg@5": 0.8095097759036934,
          "ndcg@10": 0.7966073281861816,
          "precision@5": 0.8,
          "precision@10": 0.7
        },
        "ltr_logreg": {
          "ndcg@5": 0.7517240194883212,
          "ndcg@10": 0.8080836370630472,
          "precision@5": 0.8,
          "precision@10": 0.7
        }
      }
    },
    {
      "fold": 3,
      "test_resume_id": "resume_003",
      "metrics": {
        "embedding_only": {
          "ndcg@5": 0.9702101316501444,
          "ndcg@10": 0.9135023688721797,
          "precision@5": 1.0,
          "precision@10": 0.6
        },
        "heuristic": {
          "ndcg@5": 1.0,
          "ndcg@10": 0.938474122482444,
          "precision@5": 1.0,
          "precision@10": 0.6
        },
        "ltr_logreg": {
          "ndcg@5": 0.9702101316501444,
          "ndcg@10": 0.9166572458023419,
          "precision@5": 1.0,
          "precision@10": 0.6
        }
      }
    },
    {
      "fold": 4,
      "test_resume_id": "resume_004",
      "metrics": {
        "embedding_only": {
          "ndcg@5": 0.8969049224349435,
          "ndcg@10": 0.9152763955622943,
          "precision@5": 0.2,
          "precision@10": 0.1
        },
        "heuristic": {
          "ndcg@5": 0.8969049224349435,
          "ndcg@10": 0.9152763955622943,
          "precision@5": 0.2,
          "precision@10": 0.1
        },
        "ltr_logreg": {
          "ndcg@5": 0.8969049224349435,
          "ndcg@10": 0.9152763955622943,
          "precision@5": 0.2,
          "precision@10": 0.1
        }
      }
    },
    {
      "fold": 5,
      "test_resume_id": "resume_005",
      "metrics": {
        "embedding_only": {
          "ndcg@5": 0.8027953929475008,
          "ndcg@10": 0.9220249149303994,
          "precision@5": 0.6,
          "precision@10": 0.5
        },
        "heuristic": {
          "ndcg@5": 1.0,
          "ndcg@10": 1.0,
          "precision@5": 1.0,
          "precision@10": 0.5
        },
        "ltr_logreg": {
          "ndcg@5": 0.9463240180475475,
          "ndcg@10": 0.9719446812506122,
          "precision@5": 0.8,
          "precision@10": 0.5
        }
      }
    },
    {
      "fold": 6,
      "test_resume_id": "resume_006",
      "metrics": {
        "embedding_only": {
          "ndcg@5": 0.935976846914967,
          "ndcg@10": 0.9013253405048619,
          "precision@5": 1.0,
          "precision@10": 0.8
        },
        "heuristic": {
          "ndcg@5": 0.97688566984967,
          "ndcg@10": 0.9315319366256651,
          "precision@5": 1.0,
          "precision@10": 0.8
        },
        "ltr_logreg": {
          "ndcg@5": 0.935976846914967,
          "ndcg@10": 0.9013253405048619,
          "precision@5": 1.0,
          "precision@10": 0.8
        }
      }
    },
    {
      "fold": 7,
      "test_resume_id": "resume_007",
      "metrics": {
        "embedding_only": {
          "ndcg@5": 0.8914067242756961,
          "ndcg@10": 0.7761283442869359,
          "precision@5": 0.6,
          "precision@10": 0.3
        },
        "heuristic": {
          "ndcg@5": 0.8914067242756961,
          "ndcg@10": 0.8109478354042771,
          "precision@5": 0.6,
          "precision@10": 0.4
        },
        "ltr_logreg": {
          "ndcg@5": 0.8821984193966925,
          "ndcg@10": 0.8322346984935435,
          "precision@5": 0.6,
          "precision@10": 0.5
        }
      }
    },
    {
      "fold": 8,
      "test_resume_id": "resume_008",
      "metrics": {
        "embedding_only": {
          "ndcg@5": 1.0,
          "ndcg@10": 0.9753177329079112,
          "precision@5": 1.0,
          "precision@10": 0.9
        },
        "heuristic": {
          "ndcg@5": 1.0,
          "ndcg@10": 0.9133434190240974,
          "precision@5": 1.0,
          "precision@10": 0.7
        },
        "ltr_logreg": {
          "ndcg@5": 1.0,
          "ndcg@10": 0.973919688150837,
          "precision@5": 1.0,
          "precision@10": 0.9
        }
      }
    },
    {
      "fold": 9,
      "test_resume_id": "resume_009",
      "metrics": {
        "embedding_only": {
          "ndcg@5": 0.6962746534102318,
          "ndcg@10": 0.8603675569662773,
          "precision@5": 0.2,
          "precision@10": 0.3
        },
        "heuristic": {
          "ndcg@5": 0.7715157702527832,
          "ndcg@10": 0.8276341277677758,
          "precision@5": 0.4,
          "precision@10": 0.3
        },
        "ltr_logreg": {
          "ndcg@5": 0.7800392910743491,
          "ndcg@10": 0.8752581700759937,
          "precision@5": 0.4,
          "precision@10": 0.3
        }
      }
    },
    {
      "fold": 10,
      "test_resume_id": "resume_010",
      "metrics": {
        "embedding_only": {
          "ndcg@5": 0.8698687319194839,
          "ndcg@10": 0.8694612520610533,
          "precision@5": 0.0,
          "precision@10": 0.0
        },
        "heuristic": {
          "ndcg@5": 1.0,
          "ndcg@10": 0.9669220237290025,
          "precision@5": 0.0,
          "precision@10": 0.0
        },
        "ltr_logreg": {
          "ndcg@5": 0.9659238902765536,
          "ndcg@10": 0.9409366760381773,
          "precision@5": 0.0,
          "precision@10": 0.0
        }
      }
    },
    {
      "fold": 11,
      "test_resume_id": "resume_011",
      "metrics": {
        "embedding_only": {
          "ndcg@5": 0.9702101316501444,
          "ndcg@10": 0.8654417589423214,
          "precision@5": 1.0,
          "precision@10": 0.7
        },
        "heuristic": {
          "ndcg@5": 0.8127447583079086,
          "ndcg@10": 0.8319885764056051,
          "precision@5": 0.8,
          "precision@10": 0.8
        },
        "ltr_logreg": {
          "ndcg@5": 0.9702101316501444,
          "ndcg@10": 0.8717496513859716,
          "precision@5": 1.0,
          "precision@10": 0.7
        }
      }
    },
    {
      "fold": 12,
      "test_resume_id": "resume_012",
      "metrics": {
        "embedding_only": {
          "ndcg@5": 0.9267433903847986,
          "ndcg@10": 0.9313699673682428,
          "precision@5": 0.2,
          "precision@10": 0.1
        },
        "heuristic": {
          "ndcg@5": 0.9614082309161857,
          "ndcg@10": 0.9417381210769757,
          "precision@5": 0.2,
          "precision@10": 0.1
        },
        "ltr_logreg": {
          "ndcg@5": 0.9267433903847986,
          "ndcg@10": 0.9363951666283711,
          "precision@5": 0.2,
          "precision@10": 0.1
        }
      }
    },
    {
      "fold": 13,
      "test_resume_id": "resume_013",
      "metrics": {
        "embedding_only": {
          "ndcg@5": 1.0,
          "ndcg@10": 0.9699036179751876,
          "precision@5": 0.8,
          "precision@10": 0.4
        },
        "heuristic": {
          "ndcg@5": 1.0,
          "ndcg@10": 0.9980673600463487,
          "precision@5": 0.8,
          "precision@10": 0.4
        },
        "ltr_logreg": {
          "ndcg@5": 1.0,
          "ndcg@10": 0.9980673600463487,